"id","post_title","post_date","photo_url","category_id","owner_id","place_id"
1,"New sun","2020-10-02 00:00:00+06","https://media.gettyimages.com/photos/wild-meadow-on-summers-day-picture-id1156729138?s=2048x2048",1,1,2
2,"Sunny Day","2020-10-02 00:00:00+06","https://media.gettyimages.com/photos/central-business-district-of-sydney-at-daytime-picture-id973115274?k=20&m=973115274&s=612x612&w=0&h=X1ceWUm3p-TjYpz76w8HGeq9Azqwk6cgwKOLJODjFHQ=",1,2,1
3,"Good Luck","2020-10-02 00:00:00+06","https://media.gettyimages.com/photos/wild-meadow-on-summers-day-picture-id1156729138?s=2048x2048",2,3,1
4,"New sun","2020-10-02 00:00:00+06","https://media.gettyimages.com/photos/central-business-district-of-sydney-at-daytime-picture-id973115274?k=20&m=973115274&s=612x612&w=0&h=X1ceWUm3p-TjYpz76w8HGeq9Azqwk6cgwKOLJODjFHQ=",1,2,1
5,"School First Day","2020-10-02 00:00:00+06","https://media.glassdoor.com/l/130323/notre-dame-college-of-ohio-office.jpg",3,2,2
6,"Coxs Bazaar","2020-10-02 00:00:00+06","https://www.travelandexplorebd.com/storage/app/public/posts/March2020/9hyD6VMjOYYQqvkX0YtS.jpg",26,1,2
