2000,Arafat Hossain,abcd1@gmail.com,person-avatar-design_24877-38137.jpg,5F78C33274E43FA9DE5659265C1D917E25C03722DCB0B8D27DB8D5FEAA813953
2,Saeem,saeem@gmail.com,https://media.gettyimages.com/photos/wild-meadow-on-summers-day-picture-id1156729138?s=2048x2048,1234
1,Naeem,naeem1234@gmail.com,https://media.gettyimages.com/photos/wild-meadow-on-summers-day-picture-id1156729138?s=2048x2048,1234
2001,Naeem Ahmed,abcd2@gmail.com,person-avatar-design_24877-38137.jpg,5F78C33274E43FA9DE5659265C1D917E25C03722DCB0B8D27DB8D5FEAA813954
2002,Ridwanul Tanvir,abcd3@gmail.com,person-avatar-design_24877-38137.jpg,5F78C33274E43FA9DE5659265C1D917E25C03722DCB0B8D27DB8D5FEAA813955
2003,Golam Rabbani,abcd@gmail.com,person-avatar-design_24877-38137.jpg ,5F78C33274E43FA9DE5659265C1D917E25C03722DCB0B8D27DB8D5FEAA813956
