,"post_title","post_date","photo_url","category_id","owner_id","place_id"
1,"New sun","2020-10-02 00:00:00+06","https://media.gettyimages.com/photos/wild-meadow-on-summers-day-picture-id1156729138?s=2048x2048",1,1,1
2,"Sunny Day","2020-10-02 00:00:00+06","https://media.gettyimages.com/photos/central-business-district-of-sydney-at-daytime-picture-id973115274?k=20&m=973115274&s=612x612&w=0&h=X1ceWUm3p-TjYpz76w8HGeq9Azqwk6cgwKOLJODjFHQ=",1,1,1
3,"New sun","2020-10-02 00:00:00+06","https://media.gettyimages.com/photos/wild-meadow-on-summers-day-picture-id1156729138?s=2048x2048",1,1,1
4,"New sun","2020-10-02 00:00:00+06","https://media.gettyimages.com/photos/central-business-district-of-sydney-at-daytime-picture-id973115274?k=20&m=973115274&s=612x612&w=0&h=X1ceWUm3p-TjYpz76w8HGeq9Azqwk6cgwKOLJODjFHQ=",1,1,1
